doi,model,K,measurement_cost,abs_error
10.1007/s10008-002-0300-9,cost_sensitive_budget_policy,3,0.02,0.031219012752912945
10.1007/s10008-002-0300-9,cost_sensitive_budget_policy,4,0.005,0.0037559641146845957
10.1007/s10008-002-0300-9,cost_sensitive_budget_policy,4,0.01,0.0037559641146845957
10.1007/s10008-002-0300-9,cost_sensitive_budget_policy,5,0.0,0.0022094930544007685
10.1007/s10008-002-0300-9,cost_sensitive_budget_policy,5,0.0025,0.0022094930544007685
10.1007/s10008-002-0300-9,fixed_target_router,3,,0.031219012752912945
10.1007/s10008-002-0300-9,fixed_target_router,4,,0.0037559641146845957
10.1007/s10008-002-0300-9,fixed_target_router,5,,0.0022094930544007685
10.1016/0378-7753(91)80004-H,cost_sensitive_budget_policy,4,0.01,0.041678084433417036
10.1016/0378-7753(91)80004-H,cost_sensitive_budget_policy,4,0.02,0.041678084433417036
10.1016/0378-7753(91)80004-H,cost_sensitive_budget_policy,5,0.0,0.02429375160457271
10.1016/0378-7753(91)80004-H,cost_sensitive_budget_policy,5,0.0025,0.02429375160457271
10.1016/0378-7753(91)80004-H,cost_sensitive_budget_policy,5,0.005,0.02429375160457271
10.1016/0378-7753(91)80004-H,fixed_target_router,3,,0.08659740407280553
10.1016/0378-7753(91)80004-H,fixed_target_router,4,,0.041678084433417036
10.1016/0378-7753(91)80004-H,fixed_target_router,5,,0.02429375160457271
10.1016/S0013-4686(99)00431-4,cost_sensitive_budget_policy,3,0.02,0.01444411595221215
10.1016/S0013-4686(99)00431-4,cost_sensitive_budget_policy,4,0.01,0.006547620685437502
10.1016/S0013-4686(99)00431-4,cost_sensitive_budget_policy,5,0.0,0.004147822559017231
10.1016/S0013-4686(99)00431-4,cost_sensitive_budget_policy,5,0.0025,0.004147822559017231
10.1016/S0013-4686(99)00431-4,cost_sensitive_budget_policy,5,0.005,0.004147822559017231
10.1016/S0013-4686(99)00431-4,fixed_target_router,3,,0.01444411595221215
10.1016/S0013-4686(99)00431-4,fixed_target_router,4,,0.006547620685437502
10.1016/S0013-4686(99)00431-4,fixed_target_router,5,,0.004147822559017231
10.1016/j.jpowsour.2010.12.040,cost_sensitive_budget_policy,4,0.02,0.00030777652368274566
10.1016/j.jpowsour.2010.12.040,cost_sensitive_budget_policy,5,0.0,0.0010397130112032027
10.1016/j.jpowsour.2010.12.040,cost_sensitive_budget_policy,5,0.0025,0.0010397130112032027
10.1016/j.jpowsour.2010.12.040,cost_sensitive_budget_policy,5,0.005,0.0010397130112032027
10.1016/j.jpowsour.2010.12.040,cost_sensitive_budget_policy,5,0.01,0.0010397130112032027
10.1016/j.jpowsour.2010.12.040,fixed_target_router,3,,0.010963097916546038
10.1016/j.jpowsour.2010.12.040,fixed_target_router,4,,0.00030777652368274566
10.1016/j.jpowsour.2010.12.040,fixed_target_router,5,,0.0010397130112032027
10.1016/j.jpowsour.2011.06.030,cost_sensitive_budget_policy,3,0.02,0.004389340599488552
10.1016/j.jpowsour.2011.06.030,cost_sensitive_budget_policy,4,0.01,0.006182686451664236
10.1016/j.jpowsour.2011.06.030,cost_sensitive_budget_policy,5,0.0,0.003191173229266505
10.1016/j.jpowsour.2011.06.030,cost_sensitive_budget_policy,5,0.0025,0.003191173229266505
10.1016/j.jpowsour.2011.06.030,cost_sensitive_budget_policy,5,0.005,0.003191173229266505
10.1016/j.jpowsour.2011.06.030,fixed_target_router,3,,0.004389340599488552
10.1016/j.jpowsour.2011.06.030,fixed_target_router,4,,0.006182686451664236
10.1016/j.jpowsour.2011.06.030,fixed_target_router,5,,0.003191173229266505
10.1016/j.jpowsour.2011.07.071,cost_sensitive_budget_policy,4,0.01,0.0019764541173931116
10.1016/j.jpowsour.2011.07.071,cost_sensitive_budget_policy,4,0.02,0.0019764541173931116
10.1016/j.jpowsour.2011.07.071,cost_sensitive_budget_policy,5,0.0,0.0030547914714249558
10.1016/j.jpowsour.2011.07.071,cost_sensitive_budget_policy,5,0.0025,0.0030547914714249558
10.1016/j.jpowsour.2011.07.071,cost_sensitive_budget_policy,5,0.005,0.0030547914714249558
10.1016/j.jpowsour.2011.07.071,fixed_target_router,3,,0.0023341011721413896
10.1016/j.jpowsour.2011.07.071,fixed_target_router,4,,0.0019764541173931116
10.1016/j.jpowsour.2011.07.071,fixed_target_router,5,,0.0030547914714249558
10.1021/JE020219O,cost_sensitive_budget_policy,3,0.02,0.01508514757721559
10.1021/JE020219O,cost_sensitive_budget_policy,4,0.01,0.008724611223864054
10.1021/JE020219O,cost_sensitive_budget_policy,5,0.0,0.005517104439430261
10.1021/JE020219O,cost_sensitive_budget_policy,5,0.0025,0.005517104439430261
10.1021/JE020219O,cost_sensitive_budget_policy,5,0.005,0.005517104439430261
10.1021/JE020219O,fixed_target_router,3,,0.01508514757721559
10.1021/JE020219O,fixed_target_router,4,,0.008724611223864054
10.1021/JE020219O,fixed_target_router,5,,0.005517104439430261
10.1021/je0498863,cost_sensitive_budget_policy,4,0.01,0.005028110944082838
10.1021/je0498863,cost_sensitive_budget_policy,4,0.02,0.005028110944082838
10.1021/je0498863,cost_sensitive_budget_policy,5,0.0,0.003353945535094878
10.1021/je0498863,cost_sensitive_budget_policy,5,0.0025,0.003353945535094878
10.1021/je0498863,cost_sensitive_budget_policy,5,0.005,0.003353945535094878
10.1021/je0498863,fixed_target_router,3,,0.011801784629580326
10.1021/je0498863,fixed_target_router,4,,0.005028110944082838
10.1021/je0498863,fixed_target_router,5,,0.003353945535094878
10.1149/1.1344281,cost_sensitive_budget_policy,3,0.02,0.017046049746188802
10.1149/1.1344281,cost_sensitive_budget_policy,4,0.01,0.006136573172784071
10.1149/1.1344281,cost_sensitive_budget_policy,5,0.0,0.005927095726451767
10.1149/1.1344281,cost_sensitive_budget_policy,5,0.0025,0.005927095726451767
10.1149/1.1344281,cost_sensitive_budget_policy,5,0.005,0.005927095726451767
10.1149/1.1344281,fixed_target_router,3,,0.017046049746188802
10.1149/1.1344281,fixed_target_router,4,,0.006136573172784071
10.1149/1.1344281,fixed_target_router,5,,0.005927095726451767
10.1149/1.1390879,cost_sensitive_budget_policy,3,0.02,0.07443299985846044
10.1149/1.1390879,cost_sensitive_budget_policy,4,0.005,0.04546322145040396
10.1149/1.1390879,cost_sensitive_budget_policy,4,0.01,0.04546322145040396
10.1149/1.1390879,cost_sensitive_budget_policy,5,0.0,0.030494777252861177
10.1149/1.1390879,cost_sensitive_budget_policy,5,0.0025,0.030494777252861177
10.1149/1.1390879,fixed_target_router,3,,0.07443299985846044
10.1149/1.1390879,fixed_target_router,4,,0.04546322145040396
10.1149/1.1390879,fixed_target_router,5,,0.030494777252861177
10.1149/1.1403730,cost_sensitive_budget_policy,4,0.01,0.011559591427495445
10.1149/1.1403730,cost_sensitive_budget_policy,4,0.02,0.011559591427495445
10.1149/1.1403730,cost_sensitive_budget_policy,5,0.0,0.008173315802618684
10.1149/1.1403730,cost_sensitive_budget_policy,5,0.0025,0.008173315802618684
10.1149/1.1403730,cost_sensitive_budget_policy,5,0.005,0.008173315802618684
10.1149/1.1403730,fixed_target_router,3,,0.027598030700578757
10.1149/1.1403730,fixed_target_router,4,,0.011559591427495445
10.1149/1.1403730,fixed_target_router,5,,0.008173315802618684
10.1149/1.1466857,cost_sensitive_budget_policy,3,0.02,0.046110454049282934
10.1149/1.1466857,cost_sensitive_budget_policy,4,0.005,0.04049797463259697
10.1149/1.1466857,cost_sensitive_budget_policy,4,0.01,0.04049797463259697
10.1149/1.1466857,cost_sensitive_budget_policy,5,0.0,0.027289136739244824
10.1149/1.1466857,cost_sensitive_budget_policy,5,0.0025,0.027289136739244824
10.1149/1.1466857,fixed_target_router,3,,0.046110454049282934
10.1149/1.1466857,fixed_target_router,4,,0.04049797463259697
10.1149/1.1466857,fixed_target_router,5,,0.027289136739244824
10.1149/1.1513556,cost_sensitive_budget_policy,4,0.01,0.006852670386364584
10.1149/1.1513556,cost_sensitive_budget_policy,4,0.02,0.006852670386364584
10.1149/1.1513556,cost_sensitive_budget_policy,5,0.0,0.004709175887103345
10.1149/1.1513556,cost_sensitive_budget_policy,5,0.0025,0.004709175887103345
10.1149/1.1513556,cost_sensitive_budget_policy,5,0.005,0.004709175887103345
10.1149/1.1513556,fixed_target_router,3,,0.021818982290610356
10.1149/1.1513556,fixed_target_router,4,,0.006852670386364584
10.1149/1.1513556,fixed_target_router,5,,0.004709175887103345
10.1149/1.1527939,cost_sensitive_budget_policy,3,0.02,0.04177228001295685
10.1149/1.1527939,cost_sensitive_budget_policy,4,0.01,0.016736490357448997
10.1149/1.1527939,cost_sensitive_budget_policy,5,0.0,0.01081199572614817
10.1149/1.1527939,cost_sensitive_budget_policy,5,0.0025,0.01081199572614817
10.1149/1.1527939,cost_sensitive_budget_policy,5,0.005,0.01081199572614817
10.1149/1.1527939,fixed_target_router,3,,0.04177228001295685
10.1149/1.1527939,fixed_target_router,4,,0.016736490357448997
10.1149/1.1527939,fixed_target_router,5,,0.01081199572614817
10.1149/1.1566019,cost_sensitive_budget_policy,3,0.02,0.030617524053287937
10.1149/1.1566019,cost_sensitive_budget_policy,4,0.005,0.011596988387660934
10.1149/1.1566019,cost_sensitive_budget_policy,4,0.01,0.011596988387660934
10.1149/1.1566019,cost_sensitive_budget_policy,5,0.0,0.005660326341038728
10.1149/1.1566019,cost_sensitive_budget_policy,5,0.0025,0.005660326341038728
10.1149/1.1566019,fixed_target_router,3,,0.030617524053287937
10.1149/1.1566019,fixed_target_router,4,,0.011596988387660934
10.1149/1.1566019,fixed_target_router,5,,0.005660326341038728
10.1149/1.1630593,cost_sensitive_budget_policy,4,0.01,0.011033736365080418
10.1149/1.1630593,cost_sensitive_budget_policy,4,0.02,0.011033736365080418
10.1149/1.1630593,cost_sensitive_budget_policy,5,0.0,0.007352304740047077
10.1149/1.1630593,cost_sensitive_budget_policy,5,0.0025,0.007352304740047077
10.1149/1.1630593,cost_sensitive_budget_policy,5,0.005,0.007352304740047077
10.1149/1.1630593,fixed_target_router,3,,0.01544973670130381
10.1149/1.1630593,fixed_target_router,4,,0.011033736365080418
10.1149/1.1630593,fixed_target_router,5,,0.007352304740047077
10.1149/1.1833611,cost_sensitive_budget_policy,4,0.02,0.007188062787576869
10.1149/1.1833611,cost_sensitive_budget_policy,5,0.0,0.004726037514512961
10.1149/1.1833611,cost_sensitive_budget_policy,5,0.0025,0.004726037514512961
10.1149/1.1833611,cost_sensitive_budget_policy,5,0.005,0.004726037514512961
10.1149/1.1833611,cost_sensitive_budget_policy,5,0.01,0.004726037514512961
10.1149/1.1833611,fixed_target_router,3,,0.011994649380137596
10.1149/1.1833611,fixed_target_router,4,,0.007188062787576869
10.1149/1.1833611,fixed_target_router,5,,0.004726037514512961
10.1149/1.1914757,cost_sensitive_budget_policy,4,0.01,0.0058006542887658556
10.1149/1.1914757,cost_sensitive_budget_policy,4,0.02,0.0058006542887658556
10.1149/1.1914757,cost_sensitive_budget_policy,5,0.0,0.0037165772319616365
10.1149/1.1914757,cost_sensitive_budget_policy,5,0.0025,0.0037165772319616365
10.1149/1.1914757,cost_sensitive_budget_policy,5,0.005,0.0037165772319616365
10.1149/1.1914757,fixed_target_router,3,,0.02005387954326662
10.1149/1.1914757,fixed_target_router,4,,0.0058006542887658556
10.1149/1.1914757,fixed_target_router,5,,0.0037165772319616365
10.1149/2.0571912jes,cost_sensitive_budget_policy,3,0.01,0.17047115509969546
10.1149/2.0571912jes,cost_sensitive_budget_policy,3,0.02,0.17047115509969546
10.1149/2.0571912jes,cost_sensitive_budget_policy,4,0.005,0.0797008641735295
10.1149/2.0571912jes,cost_sensitive_budget_policy,5,0.0,0.041095549097591166
10.1149/2.0571912jes,cost_sensitive_budget_policy,5,0.0025,0.041095549097591166
10.1149/2.0571912jes,fixed_target_router,3,,0.17047115509969546
10.1149/2.0571912jes,fixed_target_router,4,,0.0797008641735295
10.1149/2.0571912jes,fixed_target_router,5,,0.041095549097591166
