held_out_doi,outer_fold,selected_p,measurement_cost,selected_K,inner_objective,inner_mae_K3,inner_mae_K4,inner_mae_K5
10.1007/s10008-002-0300-9,0,4,0.0,5,0.007662406102422661,0.02360966282734198,0.011151200684813027,0.007662406102422661
10.1007/s10008-002-0300-9,0,4,0.0025,5,0.012662406102422662,0.02360966282734198,0.011151200684813027,0.007662406102422661
10.1007/s10008-002-0300-9,0,4,0.005,4,0.016151200684813027,0.02360966282734198,0.011151200684813027,0.007662406102422661
10.1007/s10008-002-0300-9,0,4,0.01,4,0.021151200684813028,0.02360966282734198,0.011151200684813027,0.007662406102422661
10.1007/s10008-002-0300-9,0,4,0.02,3,0.02360966282734198,0.02360966282734198,0.011151200684813027,0.007662406102422661
10.1016/0378-7753(91)80004-H,1,4,0.0,5,0.007252295161856256,0.037606248063184786,0.012310289789663047,0.007252295161856256
10.1016/0378-7753(91)80004-H,1,4,0.0025,5,0.012252295161856256,0.037606248063184786,0.012310289789663047,0.007252295161856256
10.1016/0378-7753(91)80004-H,1,4,0.005,5,0.017252295161856255,0.037606248063184786,0.012310289789663047,0.007252295161856256
10.1016/0378-7753(91)80004-H,1,4,0.01,4,0.022310289789663047,0.037606248063184786,0.012310289789663047,0.007252295161856256
10.1016/0378-7753(91)80004-H,1,4,0.02,4,0.03231028978966305,0.037606248063184786,0.012310289789663047,0.007252295161856256
10.1016/S0013-4686(99)00431-4,2,4,0.0,5,0.010960627632821681,0.031055007475130902,0.01653652080993894,0.010960627632821681
10.1016/S0013-4686(99)00431-4,2,4,0.0025,5,0.015960627632821682,0.031055007475130902,0.01653652080993894,0.010960627632821681
10.1016/S0013-4686(99)00431-4,2,4,0.005,5,0.02096062763282168,0.031055007475130902,0.01653652080993894,0.010960627632821681
10.1016/S0013-4686(99)00431-4,2,4,0.01,4,0.026536520809938943,0.031055007475130902,0.01653652080993894,0.010960627632821681
10.1016/S0013-4686(99)00431-4,2,4,0.02,3,0.031055007475130902,0.031055007475130902,0.01653652080993894,0.010960627632821681
10.1016/j.jpowsour.2010.12.040,3,4,0.0,5,0.01647644330650777,0.052860398698855574,0.027504471148044708,0.01647644330650777
10.1016/j.jpowsour.2010.12.040,3,4,0.0025,5,0.021476443306507772,0.052860398698855574,0.027504471148044708,0.01647644330650777
10.1016/j.jpowsour.2010.12.040,3,4,0.005,5,0.026476443306507773,0.052860398698855574,0.027504471148044708,0.01647644330650777
10.1016/j.jpowsour.2010.12.040,3,4,0.01,5,0.036476443306507775,0.052860398698855574,0.027504471148044708,0.01647644330650777
10.1016/j.jpowsour.2010.12.040,3,4,0.02,4,0.04750447114804471,0.052860398698855574,0.027504471148044708,0.01647644330650777
10.1016/j.jpowsour.2011.06.030,4,4,0.0,5,0.011457432023133412,0.0337246799877473,0.018591335641061343,0.011457432023133412
10.1016/j.jpowsour.2011.06.030,4,4,0.0025,5,0.016457432023133413,0.0337246799877473,0.018591335641061343,0.011457432023133412
10.1016/j.jpowsour.2011.06.030,4,4,0.005,5,0.02145743202313341,0.0337246799877473,0.018591335641061343,0.011457432023133412
10.1016/j.jpowsour.2011.06.030,4,4,0.01,4,0.028591335641061345,0.0337246799877473,0.018591335641061343,0.011457432023133412
10.1016/j.jpowsour.2011.06.030,4,4,0.02,3,0.0337246799877473,0.0337246799877473,0.018591335641061343,0.011457432023133412
10.1016/j.jpowsour.2011.07.071,5,4,0.0,5,0.012954791242202062,0.045864529981684145,0.021308296219775154,0.012954791242202062
10.1016/j.jpowsour.2011.07.071,5,4,0.0025,5,0.01795479124220206,0.045864529981684145,0.021308296219775154,0.012954791242202062
10.1016/j.jpowsour.2011.07.071,5,4,0.005,5,0.022954791242202063,0.045864529981684145,0.021308296219775154,0.012954791242202062
10.1016/j.jpowsour.2011.07.071,5,4,0.01,4,0.031308296219775156,0.045864529981684145,0.021308296219775154,0.012954791242202062
10.1016/j.jpowsour.2011.07.071,5,4,0.02,4,0.04130829621977515,0.045864529981684145,0.021308296219775154,0.012954791242202062
10.1021/JE020219O,6,4,0.0,5,0.011374623988742815,0.03690979425996623,0.017058623429505197,0.011374623988742815
10.1021/JE020219O,6,4,0.0025,5,0.016374623988742815,0.03690979425996623,0.017058623429505197,0.011374623988742815
10.1021/JE020219O,6,4,0.005,5,0.021374623988742816,0.03690979425996623,0.017058623429505197,0.011374623988742815
10.1021/JE020219O,6,4,0.01,4,0.0270586234295052,0.03690979425996623,0.017058623429505197,0.011374623988742815
10.1021/JE020219O,6,4,0.02,3,0.03690979425996623,0.03690979425996623,0.017058623429505197,0.011374623988742815
10.1021/je0498863,7,4,0.0,5,0.015054321870736324,0.04907938736559334,0.024551315143835486,0.015054321870736324
10.1021/je0498863,7,4,0.0025,5,0.020054321870736323,0.04907938736559334,0.024551315143835486,0.015054321870736324
10.1021/je0498863,7,4,0.005,5,0.025054321870736324,0.04907938736559334,0.024551315143835486,0.015054321870736324
10.1021/je0498863,7,4,0.01,4,0.034551315143835484,0.04907938736559334,0.024551315143835486,0.015054321870736324
10.1021/je0498863,7,4,0.02,4,0.044551315143835486,0.04907938736559334,0.024551315143835486,0.015054321870736324
10.1149/1.1344281,8,4,0.0,5,0.009892683699930698,0.02601075301059075,0.015121418290183878,0.009892683699930698
10.1149/1.1344281,8,4,0.0025,5,0.014892683699930697,0.02601075301059075,0.015121418290183878,0.009892683699930698
10.1149/1.1344281,8,4,0.005,5,0.019892683699930698,0.02601075301059075,0.015121418290183878,0.009892683699930698
10.1149/1.1344281,8,4,0.01,4,0.025121418290183876,0.02601075301059075,0.015121418290183878,0.009892683699930698
10.1149/1.1344281,8,4,0.02,3,0.02601075301059075,0.02601075301059075,0.015121418290183878,0.009892683699930698
10.1149/1.1390879,9,4,0.0,5,0.006485186334703631,0.02550954008446611,0.010037764752272468,0.006485186334703631
10.1149/1.1390879,9,4,0.0025,5,0.01148518633470363,0.02550954008446611,0.010037764752272468,0.006485186334703631
10.1149/1.1390879,9,4,0.005,4,0.015037764752272469,0.02550954008446611,0.010037764752272468,0.006485186334703631
10.1149/1.1390879,9,4,0.01,4,0.020037764752272466,0.02550954008446611,0.010037764752272468,0.006485186334703631
10.1149/1.1390879,9,4,0.02,3,0.02550954008446611,0.02550954008446611,0.010037764752272468,0.006485186334703631
10.1149/1.1403730,10,4,0.0,5,0.0101213144818922,0.040775230792697896,0.015999536045992177,0.0101213144818922
10.1149/1.1403730,10,4,0.0025,5,0.0151213144818922,0.040775230792697896,0.015999536045992177,0.0101213144818922
10.1149/1.1403730,10,4,0.005,5,0.0201213144818922,0.040775230792697896,0.015999536045992177,0.0101213144818922
10.1149/1.1403730,10,4,0.01,4,0.02599953604599218,0.040775230792697896,0.015999536045992177,0.0101213144818922
10.1149/1.1403730,10,4,0.02,4,0.03599953604599218,0.040775230792697896,0.015999536045992177,0.0101213144818922
10.1149/1.1466857,11,4,0.0,5,0.006118602295118887,0.02233137098907012,0.009308512361234087,0.006118602295118887
10.1149/1.1466857,11,4,0.0025,5,0.011118602295118886,0.02233137098907012,0.009308512361234087,0.006118602295118887
10.1149/1.1466857,11,4,0.005,4,0.014308512361234087,0.02233137098907012,0.009308512361234087,0.006118602295118887
10.1149/1.1466857,11,4,0.01,4,0.019308512361234088,0.02233137098907012,0.009308512361234087,0.006118602295118887
10.1149/1.1466857,11,4,0.02,3,0.02233137098907012,0.02233137098907012,0.009308512361234087,0.006118602295118887
10.1149/1.1513556,12,4,0.0,5,0.011106864545417556,0.038433178808233055,0.01784857977464502,0.011106864545417556
10.1149/1.1513556,12,4,0.0025,5,0.016106864545417557,0.038433178808233055,0.01784857977464502,0.011106864545417556
10.1149/1.1513556,12,4,0.005,5,0.021106864545417554,0.038433178808233055,0.01784857977464502,0.011106864545417556
10.1149/1.1513556,12,4,0.01,4,0.02784857977464502,0.038433178808233055,0.01784857977464502,0.011106864545417556
10.1149/1.1513556,12,4,0.02,4,0.03784857977464502,0.038433178808233055,0.01784857977464502,0.011106864545417556
10.1149/1.1527939,13,4,0.0,5,0.009068717891007164,0.03157555727250896,0.014654814240371572,0.009068717891007164
10.1149/1.1527939,13,4,0.0025,5,0.014068717891007165,0.03157555727250896,0.014654814240371572,0.009068717891007164
10.1149/1.1527939,13,4,0.005,5,0.019068717891007163,0.03157555727250896,0.014654814240371572,0.009068717891007164
10.1149/1.1527939,13,4,0.01,4,0.024654814240371574,0.03157555727250896,0.014654814240371572,0.009068717891007164
10.1149/1.1527939,13,4,0.02,3,0.03157555727250896,0.03157555727250896,0.014654814240371572,0.009068717891007164
10.1149/1.1566019,14,4,0.0,5,0.005887538220413229,0.019927088910439594,0.008534041783228957,0.005887538220413229
10.1149/1.1566019,14,4,0.0025,5,0.010887538220413228,0.019927088910439594,0.008534041783228957,0.005887538220413229
10.1149/1.1566019,14,4,0.005,4,0.013534041783228958,0.019927088910439594,0.008534041783228957,0.005887538220413229
10.1149/1.1566019,14,4,0.01,4,0.018534041783228955,0.019927088910439594,0.008534041783228957,0.005887538220413229
10.1149/1.1566019,14,4,0.02,3,0.019927088910439594,0.019927088910439594,0.008534041783228957,0.005887538220413229
10.1149/1.1630593,15,4,0.0,5,0.010777064083587497,0.0407688775054505,0.01695960912940094,0.010777064083587497
10.1149/1.1630593,15,4,0.0025,5,0.0157770640835875,0.0407688775054505,0.01695960912940094,0.010777064083587497
10.1149/1.1630593,15,4,0.005,5,0.020777064083587496,0.0407688775054505,0.01695960912940094,0.010777064083587497
10.1149/1.1630593,15,4,0.01,4,0.026959609129400937,0.0407688775054505,0.01695960912940094,0.010777064083587497
10.1149/1.1630593,15,4,0.02,4,0.03695960912940094,0.0407688775054505,0.01695960912940094,0.010777064083587497
10.1149/1.1833611,16,4,0.0,5,0.01420588482491745,0.04585804980614467,0.024410656979533714,0.01420588482491745
10.1149/1.1833611,16,4,0.0025,5,0.01920588482491745,0.04585804980614467,0.024410656979533714,0.01420588482491745
10.1149/1.1833611,16,4,0.005,5,0.02420588482491745,0.04585804980614467,0.024410656979533714,0.01420588482491745
10.1149/1.1833611,16,4,0.01,5,0.03420588482491745,0.04585804980614467,0.024410656979533714,0.01420588482491745
10.1149/1.1833611,16,4,0.02,4,0.04441065697953371,0.04585804980614467,0.024410656979533714,0.01420588482491745
10.1149/1.1914757,17,4,0.0,5,0.01032816559996254,0.0394141800856803,0.01770388993127297,0.01032816559996254
10.1149/1.1914757,17,4,0.0025,5,0.01532816559996254,0.0394141800856803,0.01770388993127297,0.01032816559996254
10.1149/1.1914757,17,4,0.005,5,0.02032816559996254,0.0394141800856803,0.01770388993127297,0.01032816559996254
10.1149/1.1914757,17,4,0.01,4,0.02770388993127297,0.0394141800856803,0.01770388993127297,0.01032816559996254
10.1149/1.1914757,17,4,0.02,4,0.037703889931272966,0.0394141800856803,0.01770388993127297,0.01032816559996254
10.1149/2.0571912jes,18,4,0.0,5,0.008195514316181103,0.021855991373017157,0.0126873802753632,0.008195514316181103
10.1149/2.0571912jes,18,4,0.0025,5,0.013195514316181104,0.021855991373017157,0.0126873802753632,0.008195514316181103
10.1149/2.0571912jes,18,4,0.005,4,0.0176873802753632,0.021855991373017157,0.0126873802753632,0.008195514316181103
10.1149/2.0571912jes,18,4,0.01,3,0.021855991373017157,0.021855991373017157,0.0126873802753632,0.008195514316181103
10.1149/2.0571912jes,18,4,0.02,3,0.021855991373017157,0.021855991373017157,0.0126873802753632,0.008195514316181103
