outer_fold,held_out_doi,repetition,selected_p,mae_p4,mae_p5,mae_p6
0,10.1007/s10008-002-0300-9,0,4,0.01113815838021399,0.013295885819686305,0.01611814965183681
0,10.1007/s10008-002-0300-9,1,4,0.010413164029455788,0.011517671637732744,0.012863661208189991
0,10.1007/s10008-002-0300-9,2,6,0.007772545404018105,0.008049437990917655,0.007719489198337035
0,10.1007/s10008-002-0300-9,3,4,0.008409059687515128,0.00907958059826035,0.010247596170445926
0,10.1007/s10008-002-0300-9,4,4,0.007703399831225204,0.00847466190054528,0.009310906584204267
0,10.1007/s10008-002-0300-9,5,4,0.007158654395694494,0.008724723165650155,0.010382395806458914
0,10.1007/s10008-002-0300-9,6,4,0.010193925746925972,0.010795338098297245,0.010916750497566269
0,10.1007/s10008-002-0300-9,7,4,0.009344914074934313,0.0107407620619314,0.012368815005988637
0,10.1007/s10008-002-0300-9,8,4,0.011480958720641352,0.012527241328673706,0.013460344848856824
0,10.1007/s10008-002-0300-9,9,4,0.009807290499673996,0.010198526917606603,0.010106015121549532
0,10.1007/s10008-002-0300-9,10,4,0.011427263216617217,0.011905962490621647,0.01439478862252838
0,10.1007/s10008-002-0300-9,11,4,0.012500134845777179,0.01568743016784006,0.020376026328636377
0,10.1007/s10008-002-0300-9,12,4,0.012393155578742626,0.013681827000322057,0.015051370183986413
0,10.1007/s10008-002-0300-9,13,4,0.010477753299048266,0.011143856469981844,0.011796237661840686
0,10.1007/s10008-002-0300-9,14,4,0.008685862990572094,0.010165870603261332,0.011611823937556878
0,10.1007/s10008-002-0300-9,15,4,0.010255008196416155,0.011038286481604168,0.012923669372695817
0,10.1007/s10008-002-0300-9,16,4,0.00687026568828351,0.007737092025763277,0.008898866650641187
0,10.1007/s10008-002-0300-9,17,4,0.010043125088440097,0.01073359237547305,0.01175841099040626
0,10.1007/s10008-002-0300-9,18,4,0.0096047995833636,0.010441448713366329,0.010957097677051851
0,10.1007/s10008-002-0300-9,19,4,0.010259531631964353,0.011010817587756403,0.011137969925893611
1,10.1016/0378-7753(91)80004-H,0,4,0.006875959620291924,0.011219156192674141,0.015311439001595406
1,10.1016/0378-7753(91)80004-H,1,4,0.008043824700012059,0.010174314339049128,0.011759841780481235
1,10.1016/0378-7753(91)80004-H,2,4,0.014219142889389818,0.02070109266104567,0.029006884353413195
1,10.1016/0378-7753(91)80004-H,3,4,0.009734453700956854,0.011499381810839563,0.014767839191679054
1,10.1016/0378-7753(91)80004-H,4,4,0.012106904908964279,0.015473532786508702,0.02021132096093646
1,10.1016/0378-7753(91)80004-H,5,4,0.010339580356100801,0.0157740122672612,0.021712577230351474
1,10.1016/0378-7753(91)80004-H,6,4,0.01211181536094528,0.01874972412833161,0.025169632997020186
1,10.1016/0378-7753(91)80004-H,7,4,0.012238292618592808,0.018396872765080157,0.025037008423058758
1,10.1016/0378-7753(91)80004-H,8,4,0.010874911938543718,0.014790722643009133,0.018397045500851437
1,10.1016/0378-7753(91)80004-H,9,4,0.010405957846972312,0.013167800447998956,0.017814096500975866
1,10.1016/0378-7753(91)80004-H,10,4,0.007966854111225262,0.009340555935378959,0.012501183067476265
1,10.1016/0378-7753(91)80004-H,11,4,0.011220449243735645,0.015074010799186669,0.019167002429606086
1,10.1016/0378-7753(91)80004-H,12,4,0.011759588408377335,0.01690284432883336,0.02361700528614899
1,10.1016/0378-7753(91)80004-H,13,4,0.009750134077377773,0.012187707868259822,0.015763901100213598
1,10.1016/0378-7753(91)80004-H,14,4,0.008124007897689462,0.01123057820949882,0.014595411651744545
1,10.1016/0378-7753(91)80004-H,15,4,0.01026514061193377,0.013784550465009843,0.01709851297565291
1,10.1016/0378-7753(91)80004-H,16,4,0.008594391473183655,0.011171719130486292,0.013073170606414932
1,10.1016/0378-7753(91)80004-H,17,4,0.008753879913524667,0.01088456920543402,0.013936432067159102
1,10.1016/0378-7753(91)80004-H,18,4,0.011520844024218236,0.013776363509979744,0.018541525450658087
1,10.1016/0378-7753(91)80004-H,19,4,0.013022376967576027,0.019099852289413587,0.02699817657999397
2,10.1016/S0013-4686(99)00431-4,0,4,0.009732566657688768,0.01324578207896289,0.016527619400982557
2,10.1016/S0013-4686(99)00431-4,1,4,0.010442336398547448,0.01275798938798081,0.015385906041512479
2,10.1016/S0013-4686(99)00431-4,2,4,0.011037745543088867,0.011724370392113834,0.012376240996133575
2,10.1016/S0013-4686(99)00431-4,3,4,0.011037243033041572,0.014717359002568944,0.018951722554046976
2,10.1016/S0013-4686(99)00431-4,4,4,0.011040422424523624,0.012102481846285228,0.013430523605429108
2,10.1016/S0013-4686(99)00431-4,5,4,0.01147257453905502,0.01519828051630634,0.01948725643983056
2,10.1016/S0013-4686(99)00431-4,6,4,0.010569032124270551,0.015772233564869242,0.02104004713065501
2,10.1016/S0013-4686(99)00431-4,7,4,0.015030320846694603,0.017677814604232265,0.022648235177875925
2,10.1016/S0013-4686(99)00431-4,8,4,0.012283504527257657,0.01530743297643468,0.01932374649047445
2,10.1016/S0013-4686(99)00431-4,9,4,0.007971275886384794,0.00883240539831981,0.00954397110646337
2,10.1016/S0013-4686(99)00431-4,10,4,0.011238906620035669,0.01629687313594032,0.02180620014470418
2,10.1016/S0013-4686(99)00431-4,11,4,0.011147883333228364,0.011899403400233198,0.013425432529450254
2,10.1016/S0013-4686(99)00431-4,12,4,0.011768971268071875,0.015580847166717107,0.01910029102330893
2,10.1016/S0013-4686(99)00431-4,13,4,0.010308705991951252,0.013409401518266658,0.018030283988207194
2,10.1016/S0013-4686(99)00431-4,14,4,0.007885875327275084,0.008449321834595512,0.009121553460160735
2,10.1016/S0013-4686(99)00431-4,15,4,0.011585404125598282,0.017226886489165958,0.02198673157544249
2,10.1016/S0013-4686(99)00431-4,16,4,0.014176058571079389,0.016148944690134576,0.021617790954873418
2,10.1016/S0013-4686(99)00431-4,17,4,0.011731017327704511,0.017398918346986196,0.02233475399421429
2,10.1016/S0013-4686(99)00431-4,18,4,0.012051110334848283,0.012779474723625414,0.013912137192175723
2,10.1016/S0013-4686(99)00431-4,19,4,0.00697232426721714,0.010265256497713739,0.013231826740358735
3,10.1016/j.jpowsour.2010.12.040,0,4,0.013602625375051447,0.01474487580613449,0.016720085173812335
3,10.1016/j.jpowsour.2010.12.040,1,4,0.010517881257527187,0.014257199070500682,0.01789006562353035
3,10.1016/j.jpowsour.2010.12.040,2,4,0.00852422744537211,0.012226044774573926,0.015354523747499014
3,10.1016/j.jpowsour.2010.12.040,3,4,0.012414272654563324,0.015334234499352041,0.0176870049130728
3,10.1016/j.jpowsour.2010.12.040,4,4,0.008511009049773257,0.01260118399620555,0.017014297317879453
3,10.1016/j.jpowsour.2010.12.040,5,4,0.011466114990312366,0.01620702393482529,0.021121281935513412
3,10.1016/j.jpowsour.2010.12.040,6,6,0.008155711114108616,0.008176943624220868,0.007447131105066891
3,10.1016/j.jpowsour.2010.12.040,7,4,0.014255032131091151,0.02038706806927679,0.025909541144057625
3,10.1016/j.jpowsour.2010.12.040,8,4,0.008497374691699092,0.010918209993724316,0.01376956076652476
3,10.1016/j.jpowsour.2010.12.040,9,4,0.011991101402030163,0.01573764208015924,0.019521879454074968
3,10.1016/j.jpowsour.2010.12.040,10,4,0.011624736828044428,0.015401814163834222,0.020202927655302686
3,10.1016/j.jpowsour.2010.12.040,11,4,0.010547947861655296,0.014335472596604374,0.017815540424372472
3,10.1016/j.jpowsour.2010.12.040,12,4,0.013251453766097656,0.016152286581148218,0.020702780646771387
3,10.1016/j.jpowsour.2010.12.040,13,4,0.010388643606192976,0.015151801350153723,0.019414025011216734
3,10.1016/j.jpowsour.2010.12.040,14,4,0.00942894928600956,0.013029190169089716,0.016187396260816524
3,10.1016/j.jpowsour.2010.12.040,15,4,0.008710400257087926,0.009531691981034873,0.010175701276699636
3,10.1016/j.jpowsour.2010.12.040,16,4,0.010209630110527789,0.013885064897816435,0.017112407510192006
3,10.1016/j.jpowsour.2010.12.040,17,6,0.008488475957699549,0.008778939025989958,0.00837513820206686
3,10.1016/j.jpowsour.2010.12.040,18,4,0.009328410712715753,0.010552000166034326,0.011200957501463903
3,10.1016/j.jpowsour.2010.12.040,19,4,0.007499525126879957,0.00927581120019342,0.011213817877402811
4,10.1016/j.jpowsour.2011.06.030,0,4,0.013422348994744768,0.018047519886445037,0.02371043232934149
4,10.1016/j.jpowsour.2011.06.030,1,4,0.009841084369521184,0.013391130671149458,0.01680605789943174
4,10.1016/j.jpowsour.2011.06.030,2,4,0.009970681778803689,0.013826737375971489,0.01832364854936441
4,10.1016/j.jpowsour.2011.06.030,3,4,0.01371750427381331,0.01618515711730646,0.02052920620772404
4,10.1016/j.jpowsour.2011.06.030,4,4,0.010422853277887187,0.011542426808313308,0.012937737333149466
4,10.1016/j.jpowsour.2011.06.030,5,4,0.012729162228131002,0.014824537113967506,0.017755392241836355
4,10.1016/j.jpowsour.2011.06.030,6,4,0.011504386239657176,0.015878937338774067,0.02074144466593811
4,10.1016/j.jpowsour.2011.06.030,7,4,0.009451914450479682,0.010689483932675289,0.012358130330765498
4,10.1016/j.jpowsour.2011.06.030,8,4,0.01107643009917636,0.015803323682957362,0.020578716401241596
4,10.1016/j.jpowsour.2011.06.030,9,4,0.012617110966918465,0.014203662122420612,0.017486062286528437
4,10.1016/j.jpowsour.2011.06.030,10,4,0.010505390370711333,0.011799235658227865,0.01351310632810653
4,10.1016/j.jpowsour.2011.06.030,11,4,0.008355075491997222,0.01044308177958538,0.012359400484734502
4,10.1016/j.jpowsour.2011.06.030,12,4,0.011319036286889413,0.018187008024897894,0.024315546000947014
4,10.1016/j.jpowsour.2011.06.030,13,4,0.0066654332256926236,0.010190453894019232,0.013172197433735502
4,10.1016/j.jpowsour.2011.06.030,14,4,0.014735502202067817,0.020479371881428662,0.026841819644302174
4,10.1016/j.jpowsour.2011.06.030,15,4,0.01248451010190287,0.0163431447520142,0.02018713025196034
4,10.1016/j.jpowsour.2011.06.030,16,4,0.012123047760524789,0.015565192200968055,0.018637208959429347
4,10.1016/j.jpowsour.2011.06.030,17,4,0.01253113394256071,0.017498709697785327,0.023857291062035088
4,10.1016/j.jpowsour.2011.06.030,18,4,0.010654149184516883,0.014070623465725443,0.01801610512547864
4,10.1016/j.jpowsour.2011.06.030,19,4,0.00900225458246203,0.014547863798823132,0.020077438366730403
5,10.1016/j.jpowsour.2011.07.071,0,4,0.00901284864991049,0.009349638849305461,0.00952488933107548
5,10.1016/j.jpowsour.2011.07.071,1,4,0.00964866172197955,0.012975102657149892,0.015949262188732383
5,10.1016/j.jpowsour.2011.07.071,2,4,0.010643651934201534,0.014224343320816605,0.01841839544039536
5,10.1016/j.jpowsour.2011.07.071,3,4,0.007958578239557923,0.01222013496260197,0.015832922131367038
5,10.1016/j.jpowsour.2011.07.071,4,4,0.014263467669001578,0.016964497449988028,0.021788547173883375
5,10.1016/j.jpowsour.2011.07.071,5,4,0.008130503143491749,0.013105557832768969,0.017660039038248233
5,10.1016/j.jpowsour.2011.07.071,6,4,0.011547710501282416,0.01441157227303199,0.018514222242412098
5,10.1016/j.jpowsour.2011.07.071,7,4,0.008983520874175912,0.009841515213214832,0.010463822803453269
5,10.1016/j.jpowsour.2011.07.071,8,4,0.008606379697155808,0.011623575847021844,0.015012839568442309
5,10.1016/j.jpowsour.2011.07.071,9,4,0.009668866746334073,0.010802212744426734,0.012725204066464463
5,10.1016/j.jpowsour.2011.07.071,10,4,0.011332926157082692,0.013975170558224082,0.017579055689388588
5,10.1016/j.jpowsour.2011.07.071,11,4,0.010579360733768159,0.012834986463591257,0.01624341374316997
5,10.1016/j.jpowsour.2011.07.071,12,4,0.012000135153109492,0.014039773799315605,0.017322513721464317
5,10.1016/j.jpowsour.2011.07.071,13,4,0.008032271192192507,0.013011607006714615,0.01763985571102118
5,10.1016/j.jpowsour.2011.07.071,14,4,0.009468385464087554,0.013032320215667977,0.0177188431866855
5,10.1016/j.jpowsour.2011.07.071,15,4,0.014166435278457295,0.01600547224722701,0.020060085323521642
5,10.1016/j.jpowsour.2011.07.071,16,4,0.012146920096371512,0.013888622641523738,0.015902681467139707
5,10.1016/j.jpowsour.2011.07.071,17,4,0.011005064761491871,0.017081111122434222,0.02297591365653681
5,10.1016/j.jpowsour.2011.07.071,18,4,0.009680320247676838,0.011034998541735563,0.013787057863287086
5,10.1016/j.jpowsour.2011.07.071,19,4,0.008128187618842085,0.011160968074604207,0.014053131888048707
6,10.1021/JE020219O,0,4,0.009711925658181053,0.012592974750283514,0.015200341367045666
6,10.1021/JE020219O,1,4,0.007876439535743641,0.011825528714280983,0.015311423697216131
6,10.1021/JE020219O,2,4,0.010013908662788687,0.011959487585370946,0.013486128534079683
6,10.1021/JE020219O,3,4,0.011282091107316159,0.017469607437826433,0.024296880630475692
6,10.1021/JE020219O,4,4,0.01092688781366593,0.012142122148011655,0.013731005652541718
6,10.1021/JE020219O,5,4,0.013848599414541687,0.017120177348475752,0.023201011505642948
6,10.1021/JE020219O,6,4,0.012306910696258574,0.017323606343079705,0.02288883065249334
6,10.1021/JE020219O,7,4,0.012111921068959438,0.016025026062603545,0.02109439633364314
6,10.1021/JE020219O,8,4,0.011130783088141333,0.015189406686429744,0.020399231095270424
6,10.1021/JE020219O,9,4,0.012941175071933106,0.017809163364686773,0.024468344091072416
6,10.1021/JE020219O,10,4,0.012689631820155279,0.016640295865039848,0.021723296676130825
6,10.1021/JE020219O,11,4,0.008793307775403734,0.012733890097740343,0.01755864522573521
6,10.1021/JE020219O,12,4,0.015170303107416351,0.021309107390846894,0.027575021220305525
6,10.1021/JE020219O,13,4,0.0125962447672217,0.013957532212992048,0.016013334888979762
6,10.1021/JE020219O,14,4,0.011934241053991221,0.01692716736784287,0.023213420869357352
6,10.1021/JE020219O,15,4,0.014795326364118233,0.0194005902512351,0.023771240150806977
6,10.1021/JE020219O,16,4,0.01170998229517279,0.01465199045911983,0.018215518112430797
6,10.1021/JE020219O,17,4,0.015308804732204272,0.02097497386661401,0.028815608634358253
6,10.1021/JE020219O,18,4,0.012382595827125248,0.01822131733935491,0.026146540842980456
6,10.1021/JE020219O,19,4,0.009385383023921936,0.012650091738990695,0.01620806786098906
7,10.1021/je0498863,0,4,0.0099968907989597,0.015339400942588233,0.019874629511054818
7,10.1021/je0498863,1,4,0.008555319922596663,0.009694088310149876,0.011259830212117327
7,10.1021/je0498863,2,4,0.01186905244670076,0.012440618834806743,0.012418329344370468
7,10.1021/je0498863,3,4,0.011332066259878981,0.014077363031688576,0.017946067476028175
7,10.1021/je0498863,4,4,0.011444925977213563,0.01436950852019822,0.01880070796393572
7,10.1021/je0498863,5,4,0.006771138266161887,0.007975723086259838,0.008738242222104033
7,10.1021/je0498863,6,4,0.011860980503339918,0.015269424975118129,0.018666651375758278
7,10.1021/je0498863,7,4,0.0071334758009853625,0.01022153582419817,0.013367555257991331
7,10.1021/je0498863,8,4,0.009820780864609404,0.011180001571045081,0.011663339125390368
7,10.1021/je0498863,9,4,0.012819365356256662,0.01737427502165216,0.023727216286533483
7,10.1021/je0498863,10,4,0.011459640738906063,0.0134736746347228,0.017239312446872847
7,10.1021/je0498863,11,4,0.008420019055364264,0.011256567171234882,0.013654232939436592
7,10.1021/je0498863,12,4,0.013186513838677999,0.015995951241134603,0.019591543565075326
7,10.1021/je0498863,13,4,0.006805111726573612,0.007852538443411342,0.008839159908417035
7,10.1021/je0498863,14,4,0.010761867134482702,0.01226668541767035,0.01409549278052162
7,10.1021/je0498863,15,4,0.012735383062777038,0.017117739315754072,0.022286956542586597
7,10.1021/je0498863,16,4,0.010046412176906126,0.012567865443701127,0.014521988183203821
7,10.1021/je0498863,17,4,0.00996044591183357,0.011639090203966784,0.014591176602973085
7,10.1021/je0498863,18,4,0.01262663317677449,0.01583368531377184,0.020027620561850527
7,10.1021/je0498863,19,4,0.011958710306921546,0.014393114526338834,0.01743692922711029
8,10.1149/1.1344281,0,4,0.009392860155569236,0.012925192736418345,0.017211675239525572
8,10.1149/1.1344281,1,4,0.00817097285504906,0.010983806578310806,0.013687970115478567
8,10.1149/1.1344281,2,4,0.009469302048789529,0.012908648844354402,0.016987431692399888
8,10.1149/1.1344281,3,4,0.008039322577758254,0.014262196290016273,0.02014210809333861
8,10.1149/1.1344281,4,4,0.01176264473764787,0.015148168946684188,0.01866430521653279
8,10.1149/1.1344281,5,4,0.009021636985127805,0.011193451704025886,0.014348048152419558
8,10.1149/1.1344281,6,4,0.0075541299217520555,0.008817733712394124,0.010316302101879263
8,10.1149/1.1344281,7,4,0.009805988163143152,0.011273113532993905,0.011969148285059688
8,10.1149/1.1344281,8,4,0.010529200825804446,0.015460441304698966,0.02071609179810111
8,10.1149/1.1344281,9,4,0.011952673529995522,0.014413989480666611,0.018331725977360772
8,10.1149/1.1344281,10,4,0.006313431190661748,0.009369287665306288,0.012608753099993078
8,10.1149/1.1344281,11,4,0.010869582408341618,0.012598336947550947,0.015172619970076165
8,10.1149/1.1344281,12,4,0.009269503075596588,0.013949081071189633,0.018886804841493816
8,10.1149/1.1344281,13,4,0.009733667804556305,0.013517623123259033,0.01695737985333372
8,10.1149/1.1344281,14,4,0.010444101982511682,0.01671915506604972,0.02309520020300786
8,10.1149/1.1344281,15,4,0.010661528658910562,0.0146131578354749,0.01874697628400168
8,10.1149/1.1344281,16,4,0.01218771517623615,0.017412093779449172,0.02297353151456834
8,10.1149/1.1344281,17,4,0.008568811794620471,0.015384979238191833,0.021487358293046332
8,10.1149/1.1344281,18,4,0.014191370007321452,0.015979075287716343,0.018652315024018193
8,10.1149/1.1344281,19,4,0.010707907550758339,0.012645183450182248,0.013982728583034239
9,10.1149/1.1390879,0,4,0.009135726600193149,0.014869284374764499,0.020587526881931148
9,10.1149/1.1390879,1,4,0.009757402726037735,0.015171345639075054,0.020457159571604083
9,10.1149/1.1390879,2,4,0.007404363473712675,0.008200727395960129,0.008917224908866593
9,10.1149/1.1390879,3,4,0.009315285693659985,0.013667407501470358,0.018428995489627457
9,10.1149/1.1390879,4,4,0.009567394670393643,0.011025170545610327,0.012882967047168827
9,10.1149/1.1390879,5,4,0.009047024407381692,0.010356778058136047,0.0118689739777254
9,10.1149/1.1390879,6,4,0.009711648450270664,0.014361722323636044,0.01963072661176471
9,10.1149/1.1390879,7,4,0.010732313167821993,0.01630376146241831,0.02277299368418335
9,10.1149/1.1390879,8,4,0.009455781055993722,0.010903105686671674,0.013090875063618194
9,10.1149/1.1390879,9,4,0.00622801468021918,0.009842389652974728,0.013484876412390887
9,10.1149/1.1390879,10,4,0.008902008905090615,0.01277119536079592,0.01705167040874654
9,10.1149/1.1390879,11,4,0.010587620221222194,0.012228854268408538,0.01420611655313852
9,10.1149/1.1390879,12,4,0.011255069744847473,0.01551131068498946,0.021372287578316187
9,10.1149/1.1390879,13,4,0.006780683853289376,0.007586114187233099,0.008093329299182174
9,10.1149/1.1390879,14,4,0.014810671378462703,0.01983863542454195,0.026255267314254118
9,10.1149/1.1390879,15,4,0.0075123846558249685,0.009983958091984711,0.01270635661779903
9,10.1149/1.1390879,16,4,0.011138420731313001,0.013220613152420527,0.015568542008276077
9,10.1149/1.1390879,17,4,0.009326077476626508,0.010786051048549593,0.013809873194825946
9,10.1149/1.1390879,18,4,0.008435667565580967,0.009015907349358426,0.009405941032818563
9,10.1149/1.1390879,19,4,0.009757065978376002,0.01171699450219738,0.01362237393761443
10,10.1149/1.1403730,0,4,0.012777431229469125,0.015080120486453123,0.017724968793095708
10,10.1149/1.1403730,1,4,0.013603926680565934,0.01855959410142512,0.023977434473820027
10,10.1149/1.1403730,2,4,0.011785565148804378,0.01826863663229826,0.024186159927691724
10,10.1149/1.1403730,3,4,0.010356052389987288,0.011741408107000416,0.013099958079489714
10,10.1149/1.1403730,4,4,0.010051465174657345,0.012714315282421361,0.01686180353969289
10,10.1149/1.1403730,5,4,0.00781115411709742,0.00868852740891729,0.00916721166604246
10,10.1149/1.1403730,6,4,0.012515810404286442,0.01603317714261233,0.021588910726959967
10,10.1149/1.1403730,7,4,0.011331361234003703,0.015977147085555976,0.02173368497450784
10,10.1149/1.1403730,8,4,0.01011748528398528,0.011727485920827925,0.014708931537098284
10,10.1149/1.1403730,9,4,0.011006685345920232,0.015071480928111178,0.01986991860920068
10,10.1149/1.1403730,10,4,0.01086982088748146,0.012382909113690816,0.014760699039859245
10,10.1149/1.1403730,11,4,0.011200637157785881,0.013983197813493003,0.017138556636871832
10,10.1149/1.1403730,12,4,0.009076777151321097,0.01301929599345788,0.017242810883355428
10,10.1149/1.1403730,13,4,0.006887274079845233,0.010404609507431424,0.013922379978256608
10,10.1149/1.1403730,14,4,0.0084859182342477,0.014123871357207468,0.019605444546983427
10,10.1149/1.1403730,15,4,0.009827914939967793,0.013427215940944301,0.01662609771853145
10,10.1149/1.1403730,16,4,0.009650959550522753,0.012803465874697407,0.01572476083611948
10,10.1149/1.1403730,17,4,0.011576389899388487,0.013307429090276447,0.015315962325304222
10,10.1149/1.1403730,18,4,0.007796719445068478,0.009690581565426628,0.011924813395901644
10,10.1149/1.1403730,19,4,0.012658040120799798,0.01953066396721106,0.02722581621752193
11,10.1149/1.1466857,0,4,0.009399430990257453,0.011997203534804856,0.015258880243371747
11,10.1149/1.1466857,1,4,0.01016640080179237,0.013662200449508255,0.017711294237838012
11,10.1149/1.1466857,2,4,0.008833279659676353,0.013444392548366343,0.018104852012544487
11,10.1149/1.1466857,3,4,0.008970073142817071,0.015205411578123183,0.02275583414382487
11,10.1149/1.1466857,4,4,0.01054002390137867,0.012901736902866836,0.015291092644640236
11,10.1149/1.1466857,5,4,0.010784837618252807,0.013954334085387274,0.018556319623377105
11,10.1149/1.1466857,6,4,0.012250996630009692,0.01488211587443026,0.0184324199479033
11,10.1149/1.1466857,7,4,0.00889755798806699,0.009312724199580387,0.009581178484823507
11,10.1149/1.1466857,8,4,0.01194473110513581,0.017358339906765788,0.02395582033737669
11,10.1149/1.1466857,9,4,0.0074471246377818155,0.012178200222339718,0.01765228995934481
11,10.1149/1.1466857,10,4,0.006633771515459592,0.009048197132949456,0.011220064311808685
11,10.1149/1.1466857,11,4,0.011996025656561979,0.01566839828033886,0.019091513991976554
11,10.1149/1.1466857,12,4,0.009974051309141682,0.014938075824525837,0.02042700347853198
11,10.1149/1.1466857,13,4,0.009363056723831255,0.012355752718181692,0.015979940180886176
11,10.1149/1.1466857,14,4,0.009105926797945493,0.010373553007931482,0.012068461640722943
11,10.1149/1.1466857,15,4,0.010990975993587263,0.012544176253843622,0.014686740436907828
11,10.1149/1.1466857,16,4,0.009398683857525061,0.011013046687820558,0.01248817696363499
11,10.1149/1.1466857,17,4,0.011558372675578894,0.013226622032709058,0.015958566542187334
11,10.1149/1.1466857,18,4,0.011590586060832563,0.013388623256376783,0.01584516821361688
11,10.1149/1.1466857,19,4,0.008928568604754201,0.010691211371835723,0.013300831274948847
12,10.1149/1.1513556,0,4,0.00878870167189348,0.011102904345032668,0.013348239132685416
12,10.1149/1.1513556,1,4,0.011635399972413522,0.01512925771391571,0.019774169506087094
12,10.1149/1.1513556,2,4,0.007846480433302742,0.009140593632695692,0.010907472552790025
12,10.1149/1.1513556,3,4,0.012057347267884539,0.017499367193414394,0.024088284405510123
12,10.1149/1.1513556,4,4,0.010135068936569203,0.01214375758567561,0.015301319515182881
12,10.1149/1.1513556,5,4,0.008847235539390137,0.012769525107462385,0.016601050622596317
12,10.1149/1.1513556,6,4,0.017097760628756894,0.021642731888986504,0.028717207269148445
12,10.1149/1.1513556,7,4,0.013318189661516685,0.017096473235434232,0.022039511892377628
12,10.1149/1.1513556,8,4,0.010127016488959447,0.011704469180518378,0.013833741014282733
12,10.1149/1.1513556,9,4,0.0082986488232223,0.011650229924790263,0.015249688362488452
12,10.1149/1.1513556,10,4,0.01155781070670376,0.015756862518922485,0.02238096438305376
12,10.1149/1.1513556,11,4,0.01000630961614287,0.011485674362599146,0.013617055932171567
12,10.1149/1.1513556,12,4,0.01027046244288284,0.011515541133358252,0.014529962924127783
12,10.1149/1.1513556,13,4,0.00946167498928746,0.01621934971435152,0.022297181737381377
12,10.1149/1.1513556,14,4,0.008652794847828353,0.012071433657316074,0.014833137368182302
12,10.1149/1.1513556,15,4,0.010966276286288249,0.011981491549727571,0.013355622521960648
12,10.1149/1.1513556,16,4,0.010839501962314238,0.012378445180153594,0.015309546417482854
12,10.1149/1.1513556,17,4,0.009330799113940115,0.011603795234420297,0.014090861534821647
12,10.1149/1.1513556,18,4,0.008228616413124555,0.011125737513627046,0.013767008994374198
12,10.1149/1.1513556,19,4,0.011878701491568543,0.01724374205339441,0.02247717419511693
13,10.1149/1.1527939,0,4,0.006919112347278274,0.00954202940804152,0.01213987625385852
13,10.1149/1.1527939,1,4,0.009157410473650183,0.012825271044229375,0.017042546248994185
13,10.1149/1.1527939,2,4,0.007468257648401681,0.010212923044861632,0.012632577869734346
13,10.1149/1.1527939,3,4,0.010279982546919314,0.011927497505383487,0.013989503141601812
13,10.1149/1.1527939,4,4,0.00943825581695408,0.013139249136276352,0.01733107398312692
13,10.1149/1.1527939,5,4,0.008153011266078132,0.012277451368292338,0.016995869120706275
13,10.1149/1.1527939,6,4,0.008326099352362287,0.01216323238090645,0.016100273568084234
13,10.1149/1.1527939,7,4,0.011645362404830764,0.015019016906988881,0.01855264809657373
13,10.1149/1.1527939,8,4,0.009052215674580472,0.011213060210765702,0.013329260191103379
13,10.1149/1.1527939,9,4,0.011116558009058612,0.013121164228672726,0.01634293643297302
13,10.1149/1.1527939,10,4,0.010172796106132719,0.012185681559916471,0.015149335048484145
13,10.1149/1.1527939,11,4,0.009728741284973986,0.01206494849821177,0.01396094687291378
13,10.1149/1.1527939,12,4,0.00865820379739072,0.009575620829238355,0.01034184775526586
13,10.1149/1.1527939,13,4,0.01248105122605355,0.017289069099304888,0.023093056740208878
13,10.1149/1.1527939,14,4,0.008065421858876534,0.010765799347683685,0.01319460973958511
13,10.1149/1.1527939,15,4,0.006347462222791406,0.01152975195303331,0.0156826915674517
13,10.1149/1.1527939,16,4,0.011596501756658125,0.013443360651239251,0.017003200858226524
13,10.1149/1.1527939,17,4,0.013124878510505316,0.01552123488123499,0.019488627831538898
13,10.1149/1.1527939,18,4,0.009647818662719717,0.010498042360781298,0.01192245715190498
13,10.1149/1.1527939,19,4,0.010269409463062004,0.011070158362156204,0.01133185893292418
14,10.1149/1.1566019,0,4,0.00988219626019402,0.012164153272773889,0.015167085983188347
14,10.1149/1.1566019,1,4,0.01039508946624348,0.014515405606626805,0.020555646096053367
14,10.1149/1.1566019,2,4,0.01113274314789373,0.01274757352479833,0.016513488282964766
14,10.1149/1.1566019,3,4,0.01239463601619597,0.013925866331115583,0.016719652527321147
14,10.1149/1.1566019,4,4,0.010823167326863253,0.013757136383133459,0.016540331686450634
14,10.1149/1.1566019,5,4,0.008782346061001227,0.012255896597330888,0.015509729977568406
14,10.1149/1.1566019,6,4,0.011679686066648778,0.015094276428609719,0.01889838490822431
14,10.1149/1.1566019,7,4,0.014871113413895692,0.017105145767711095,0.020357634443960267
14,10.1149/1.1566019,8,4,0.010002043843555757,0.013682573045585905,0.01789572392190253
14,10.1149/1.1566019,9,4,0.00986226834605661,0.011255282080966753,0.012975477613077976
14,10.1149/1.1566019,10,4,0.010524515295662354,0.014752604202029508,0.01923894581735297
14,10.1149/1.1566019,11,4,0.01276886137574547,0.016582457884312604,0.02058412276825686
14,10.1149/1.1566019,12,4,0.010277325146649653,0.011977505714186666,0.014352502972824812
14,10.1149/1.1566019,13,4,0.016497309147714082,0.020116047053653344,0.026139774405422516
14,10.1149/1.1566019,14,4,0.01096404680498797,0.014444042773736517,0.018480991352656292
14,10.1149/1.1566019,15,4,0.011049338402491301,0.01398471516494177,0.01718937945441379
14,10.1149/1.1566019,16,4,0.010809193588082236,0.0151590972320366,0.018982016585666627
14,10.1149/1.1566019,17,4,0.007430886599350852,0.010392027090239437,0.013433026249155149
14,10.1149/1.1566019,18,4,0.009358503973007241,0.014737055126605994,0.019796056028824883
14,10.1149/1.1566019,19,4,0.014710422519794297,0.01850958891786172,0.02287276506653879
15,10.1149/1.1630593,0,4,0.014812434845940267,0.018686275613688005,0.023775667048109062
15,10.1149/1.1630593,1,4,0.01302570525279812,0.015383179002434804,0.019684946239414854
15,10.1149/1.1630593,2,4,0.01043899573402661,0.01131339801412371,0.01249058569060429
15,10.1149/1.1630593,3,4,0.008218921327663449,0.013200249175500887,0.017775349287665734
15,10.1149/1.1630593,4,4,0.012202381059230242,0.014681782685636436,0.018002790252097795
15,10.1149/1.1630593,5,4,0.008945789252069077,0.01019850664857687,0.011800486883795305
15,10.1149/1.1630593,6,4,0.009007372345852674,0.009954997437892925,0.010448050359596209
15,10.1149/1.1630593,7,4,0.009140981870290799,0.011026545970447105,0.012218658298973104
15,10.1149/1.1630593,8,4,0.014602861572918758,0.017343137228238145,0.02029908138764214
15,10.1149/1.1630593,9,4,0.011374721204352912,0.014766036053811745,0.01763078118945885
15,10.1149/1.1630593,10,4,0.009969117746581617,0.01150072931826346,0.012953524676389744
15,10.1149/1.1630593,11,4,0.010247013951422206,0.013996313514781594,0.01750143506097589
15,10.1149/1.1630593,12,4,0.009424966401060391,0.011991829473016075,0.014355277815595929
15,10.1149/1.1630593,13,4,0.01266109313987735,0.01704277133524529,0.02297440083405784
15,10.1149/1.1630593,14,4,0.012128727612232932,0.0218172203352817,0.030526096300289574
15,10.1149/1.1630593,15,4,0.008832251182992593,0.011552804809696712,0.013777918678785394
15,10.1149/1.1630593,16,4,0.008234676623079593,0.009335205698228512,0.009820193459844882
15,10.1149/1.1630593,17,4,0.01205654973719642,0.019023527421543947,0.026707796166895986
15,10.1149/1.1630593,18,4,0.004500603009723932,0.005328866646753703,0.006231243278794566
15,10.1149/1.1630593,19,6,0.01000950248986131,0.010018372713718146,0.009869090706593468
16,10.1149/1.1833611,0,4,0.010771367437516914,0.014173924108981259,0.0199487051458791
16,10.1149/1.1833611,1,4,0.007109776951010953,0.009999928250256107,0.012479415582686284
16,10.1149/1.1833611,2,4,0.01372134979405594,0.015569259518639092,0.01785683406374264
16,10.1149/1.1833611,3,4,0.013722679466231852,0.01890668430941724,0.024597026811946327
16,10.1149/1.1833611,4,4,0.010822390465993882,0.015667520152846413,0.02013488465273035
16,10.1149/1.1833611,5,4,0.009514728544090916,0.010781102016996495,0.011682677562489962
16,10.1149/1.1833611,6,4,0.013164735149239945,0.014059937216338247,0.016205415041440196
16,10.1149/1.1833611,7,4,0.011011811461263852,0.01652811297036978,0.022131692525210234
16,10.1149/1.1833611,8,4,0.01361710164464707,0.016072547682157896,0.01944220496358352
16,10.1149/1.1833611,9,4,0.010905306224978437,0.013171380244684816,0.016807784252411393
16,10.1149/1.1833611,10,4,0.010130410198927364,0.018446134578669855,0.02721113431573639
16,10.1149/1.1833611,11,4,0.00839179370771554,0.011619832798234224,0.014261295433365332
16,10.1149/1.1833611,12,4,0.011093733238718985,0.012908152565345795,0.014765057961529693
16,10.1149/1.1833611,13,4,0.013121290188233681,0.01627918236980082,0.01957743468277094
16,10.1149/1.1833611,14,4,0.011485643573633289,0.012910844661699027,0.014968823652421066
16,10.1149/1.1833611,15,4,0.012397770609412368,0.01750090310667039,0.022768817918084047
16,10.1149/1.1833611,16,4,0.011214220615296982,0.015689869592294032,0.01954580325347866
16,10.1149/1.1833611,17,4,0.01277906679310656,0.017473221230460374,0.022778092567567392
16,10.1149/1.1833611,18,4,0.012695146148560951,0.01552901936085052,0.0205371621366062
16,10.1149/1.1833611,19,4,0.010575004327192362,0.014025350939374312,0.018209808105790523
17,10.1149/1.1914757,0,4,0.013979767437802415,0.01716411358447985,0.022911289355970615
17,10.1149/1.1914757,1,4,0.01071283198197936,0.012644420750285412,0.013787181072613454
17,10.1149/1.1914757,2,4,0.010517522210241657,0.01291499690200353,0.015336565140100622
17,10.1149/1.1914757,3,4,0.010928156952727246,0.011788472351202587,0.012563843568852638
17,10.1149/1.1914757,4,4,0.008507757647968033,0.009589672003211284,0.01025408141953108
17,10.1149/1.1914757,5,4,0.0132636259962636,0.015282658373006358,0.020124062775758508
17,10.1149/1.1914757,6,4,0.00841021419479983,0.012197502371856383,0.01654127958746119
17,10.1149/1.1914757,7,4,0.007874004437916656,0.008745221678329317,0.009143253308805404
17,10.1149/1.1914757,8,4,0.01210914335547697,0.013830773493326278,0.01644442299874532
17,10.1149/1.1914757,9,4,0.009647442310492318,0.01293661730968036,0.01589815949220709
17,10.1149/1.1914757,10,4,0.010835940113545203,0.015620193184805786,0.021217911151134944
17,10.1149/1.1914757,11,4,0.010244868551051734,0.01334682861403559,0.017265591489392888
17,10.1149/1.1914757,12,4,0.007333931689147308,0.009031646452733055,0.011089771944488415
17,10.1149/1.1914757,13,4,0.010541672506982952,0.014246391013572753,0.01723691878683895
17,10.1149/1.1914757,14,4,0.010131383357325914,0.013225432210729722,0.016323372515294993
17,10.1149/1.1914757,15,4,0.010624416319728686,0.012189135265603819,0.01406027348695293
17,10.1149/1.1914757,16,4,0.011792275922515805,0.014778940615733769,0.018407215998262064
17,10.1149/1.1914757,17,4,0.010025909144135854,0.012786649708003172,0.016677948689347546
17,10.1149/1.1914757,18,4,0.008478398281467325,0.010486053487566316,0.013751492762678097
17,10.1149/1.1914757,19,4,0.008873236629218085,0.011359727488413475,0.014430913681572255
18,10.1149/2.0571912jes,0,4,0.008628996622404886,0.009929138632454522,0.010993508738052368
18,10.1149/2.0571912jes,1,4,0.007875353022317,0.00991054437833644,0.011694376474793372
18,10.1149/2.0571912jes,2,4,0.009783866211811175,0.010769628930771838,0.01125376014900175
18,10.1149/2.0571912jes,3,4,0.008449941757738803,0.009905436298660255,0.011001444126922605
18,10.1149/2.0571912jes,4,4,0.009488580929383456,0.011925773767121001,0.013720801878628586
18,10.1149/2.0571912jes,5,4,0.009095532944505212,0.011347944040508151,0.011662162850295074
18,10.1149/2.0571912jes,6,4,0.010100673673617576,0.01063703377474918,0.010890340136259965
18,10.1149/2.0571912jes,7,4,0.008215101872463515,0.009899394451745324,0.011203037126104931
18,10.1149/2.0571912jes,8,4,0.008867176487973047,0.009354738713109234,0.009353734904761055
18,10.1149/2.0571912jes,9,4,0.009259937000798473,0.010356060590750825,0.011615787440483942
18,10.1149/2.0571912jes,10,4,0.009154404458662896,0.009920438192748902,0.010524151753339948
18,10.1149/2.0571912jes,11,4,0.01137890069278944,0.012997247742832533,0.013847636632410648
18,10.1149/2.0571912jes,12,4,0.00621348327991809,0.007186561924476177,0.008232587191989158
18,10.1149/2.0571912jes,13,4,0.009030379514401075,0.009925648461642697,0.010791082111967104
18,10.1149/2.0571912jes,14,4,0.009655832588014663,0.010748934124735774,0.01183093692398505
18,10.1149/2.0571912jes,15,4,0.01007176659869258,0.011040081256334143,0.011169744264814513
18,10.1149/2.0571912jes,16,4,0.009544373465770115,0.010422071376599097,0.01110605924321135
18,10.1149/2.0571912jes,17,4,0.008372996090648652,0.01109074898609414,0.012480781178042674
18,10.1149/2.0571912jes,18,4,0.007658200932939813,0.009367481766051304,0.01116228444645137
18,10.1149/2.0571912jes,19,4,0.010921904517634773,0.013900282937656175,0.01503045079735611
